{
  "_help": {
    "_note": "This section is ignored - it's just for reference",
    "Quick Guide": "See OSC_CONFIG_README.md for full documentation",
    "name": "Descriptive name for your reference (not sent to VRChat)",
    "address": "OSC path like /avatar/parameters/YourParam - must be unique",
    "type": "Data type: 'int' (whole numbers), 'float' (decimals), or 'bool' (true/false)",
    "outputRange": "SIMPLE MODE - Array [min, max] to map HR to a range. Example: [0, 100] or [0.0, 1.0]",
    "inputRange": "OPTIONAL - Array [min, max] for your typical HR range. Example: [60, 180]. Default: [0, 255]",
    "value": "ADVANCED MODE - Use 'heartRate' for raw BPM, 'toggle' for alternating bool, 'connectionStatus' for connected/disconnected, or math like 'heartRate / 127 - 1'"
  },

  "_examples": {
    "_note": "Example configurations (delete this section or keep for reference)",
    "Simple int range": {
      "_comment": "Simple int - maps 0-255 BPM to 0-200 range",
      "name": "MyParameter",
      "address": "/avatar/parameters/MyParam",
      "type": "int",
      "outputRange": [0, 200]
    },
    "Simple float range": {
      "_comment": "Simple float - maps 0-255 BPM to 0.0-1.0 (normalized)",
      "name": "Normalized",
      "address": "/avatar/parameters/Normalized",
      "type": "float",
      "outputRange": [0.0, 1.0]
    },
    "Custom input/output": {
      "_comment": "Custom scaling - maps YOUR typical HR (60-180 BPM) to 0.0-1.0",
      "name": "CustomScale",
      "address": "/avatar/parameters/Custom",
      "type": "float",
      "inputRange": [60, 180],
      "outputRange": [0.0, 1.0]
    },
    "Advanced math": {
      "_comment": "Advanced math - divides HR by 127, then subtracts 1 = range of -1.0 to 1.0 (for blend shapes)",
      "name": "Advanced",
      "address": "/avatar/parameters/Advanced",
      "type": "float",
      "value": "heartRate / 127 - 1"
    },
    "Toggle boolean": {
      "_comment": "Toggle - alternates true/false each heartbeat (for pulsing effects)",
      "name": "Toggle",
      "address": "/avatar/parameters/Toggle",
      "type": "bool",
      "value": "toggle"
    },
    "Connection status": {
      "_comment": "Connection status - true when receiving HR data, false when disconnected",
      "name": "Connected",
      "address": "/avatar/parameters/HRConnected",
      "type": "bool",
      "value": "connectionStatus"
    }
  },

  "parameters": [
    {
      "_comment": "Connection status - true when receiving HR data, false when disconnected",
      "name": "isHRConnected",
      "address": "/avatar/parameters/isHRConnected",
      "type": "bool",
      "value": "connectionStatus"
    },
    {
      "_comment": "Raw BPM as integer (0-255)",
      "name": "HR",
      "address": "/avatar/parameters/HR",
      "type": "int",
      "outputRange": [0, 255]
    },
    {
      "_comment": "Normalized to -1.0 to 1.0 range (for VRChat blend shapes). Formula: HR÷127-1",
      "name": "Heartrate",
      "address": "/avatar/parameters/Heartrate",
      "type": "float",
      "value": "heartRate / 127 - 1"
    },
    {
      "_comment": "Normalized to 0.0-1.0 range (for animations)",
      "name": "Heartrate2",
      "address": "/avatar/parameters/Heartrate2",
      "type": "float",
      "outputRange": [0.0, 1.0]
    },
    {
      "_comment": "Alternates true/false each heartbeat (for pulsing effects)",
      "name": "HeartBeatToggle",
      "address": "/avatar/parameters/HeartBeatToggle",
      "type": "bool",
      "value": "toggle"
    }
  ]
}
